SquareFeet,Bedrooms,Price
2843,1,503281
3324,5,632536
1202,1,276306
2714,5,552565
3388,4,656613
1767,4,398662
1684,1,311876
955,1,219794
2635,2,492373
1360,4,362670
2933,3,541620
3058,1,566146
2079,1,389736
1475,4,340800
1263,5,312621
2138,3,473874
2481,3,511746
1495,2,322185
630,4,248861
2547,2,479977
